mId,name
ML1,User ML1
ML2,User ML2
ML3,User ML3
ML4,User ML4
ML5,User ML5
ML6,User ML6
ML7,User ML7
ML8,User ML8
ML9,User ML9
ML10,User ML10
ML11,User ML11
ML12,User ML12
ML13,User ML13
ML14,User ML14
ML15,User ML15
ML16,User ML16
ML17,User ML17
ML18,User ML18
ML19,User ML19
ML20,User ML20
ML21,User ML21
ML22,User ML22
ML23,User ML23
ML24,User ML24
ML25,User ML25
ML26,User ML26
ML27,User ML27
ML28,User ML28
ML29,User ML29
ML30,User ML30
ML31,User ML31
ML32,User ML32
ML33,User ML33
ML34,User ML34
ML35,User ML35
ML36,User ML36
ML37,User ML37
ML38,User ML38
ML39,User ML39
ML40,User ML40
ML41,User ML41
ML42,User ML42
ML43,User ML43
ML44,User ML44
ML45,User ML45
ML46,User ML46
ML47,User ML47
ML48,User ML48
ML49,User ML49
ML50,User ML50
ML51,User ML51
ML52,User ML52
ML53,User ML53
ML54,User ML54
ML55,User ML55
ML56,User ML56
ML57,User ML57
ML58,User ML58
ML59,User ML59
ML60,User ML60
